{"cameraMode":{"drawMode":0,"name":"Shaded","section":"Shading Mode"},"sceneLighting":false,"audioPlay":false,"sceneViewState":{"showFog":false,"showMaterialUpdate":false,"showSkybox":false,"showFlares":false,"showImageEffects":false,"showParticleSystems":false},"in2DMode":false,"pivot":{"x":-0.22921596467494965,"y":0.4585816264152527,"z":1.9211764335632325},"rotation":{"x":0.05412386357784271,"y":-0.6688712239265442,"z":0.048755861818790439,"w":0.7399632930755615},"size":0.9123724699020386,"orthographic":false}