{"cameraMode":{"drawMode":0,"name":"Shaded","section":"Shading Mode"},"sceneLighting":false,"audioPlay":false,"sceneViewState":{"showFog":false,"showMaterialUpdate":false,"showSkybox":false,"showFlares":false,"showImageEffects":false,"showParticleSystems":false},"in2DMode":false,"pivot":{"x":-5.648448944091797,"y":-0.36614373326301577,"z":27.86614990234375},"rotation":{"x":0.05381130054593086,"y":-0.6733013391494751,"z":0.04910046607255936,"w":0.7359393835067749},"size":5.0790019035339359,"orthographic":false}