{"cameraMode":{"drawMode":0,"name":"Shaded","section":"Shading Mode"},"sceneLighting":false,"audioPlay":false,"sceneViewState":{"showFog":false,"showMaterialUpdate":false,"showSkybox":false,"showFlares":false,"showImageEffects":false,"showParticleSystems":false},"in2DMode":false,"pivot":{"x":640.7423095703125,"y":292.9099426269531,"z":13.577676773071289},"rotation":{"x":0.10562235116958618,"y":-0.0389539897441864,"z":0.004688737913966179,"w":0.9938337802886963},"size":10.056203842163086,"orthographic":false}