{"cameraMode":{"drawMode":0,"name":"Shaded","section":"Shading Mode"},"sceneLighting":false,"audioPlay":false,"sceneViewState":{"showFog":false,"showMaterialUpdate":false,"showSkybox":false,"showFlares":false,"showImageEffects":false,"showParticleSystems":false},"in2DMode":false,"pivot":{"x":1.2956719398498536,"y":-0.5689918398857117,"z":-1.2331792116165162},"rotation":{"x":-0.023916039615869523,"y":-0.9685081839561462,"z":0.10297507047653198,"w":-0.22593745589256288},"size":2.712372303009033,"orthographic":false}