{"cameraMode":{"drawMode":0,"name":"Shaded","section":"Shading Mode"},"sceneLighting":false,"audioPlay":false,"sceneViewState":{"showFog":false,"showMaterialUpdate":false,"showSkybox":false,"showFlares":false,"showImageEffects":false,"showParticleSystems":false},"in2DMode":false,"pivot":{"x":0.30906346440315249,"y":0.7859795093536377,"z":0.2899332046508789},"rotation":{"x":-0.253041535615921,"y":0.029256824404001237,"z":-0.0077022067271173,"w":-0.9671453237533569},"size":3.0680155754089357,"orthographic":false}