{"cameraMode":{"drawMode":0,"name":"Shaded","section":"Shading Mode"},"sceneLighting":false,"audioPlay":false,"sceneViewState":{"showFog":false,"showMaterialUpdate":false,"showSkybox":false,"showFlares":false,"showImageEffects":false,"showParticleSystems":false},"in2DMode":false,"pivot":{"x":-0.20929816365242005,"y":-0.13572466373443604,"z":-3.721736192703247},"rotation":{"x":0.002452944405376911,"y":-0.9956588745117188,"z":0.09075412899255753,"w":0.02570986934006214},"size":1.2127807140350342,"orthographic":false}