{"cameraMode":{"drawMode":0,"name":"Shaded","section":"Shading Mode"},"sceneLighting":false,"audioPlay":false,"sceneViewState":{"showFog":false,"showMaterialUpdate":false,"showSkybox":false,"showFlares":false,"showImageEffects":false,"showParticleSystems":false},"in2DMode":false,"pivot":{"x":-0.555748462677002,"y":0.5403698682785034,"z":1.1166166067123414},"rotation":{"x":0.053384844213724139,"y":0.01626841351389885,"z":-0.0005303612560965121,"w":0.9986304044723511},"size":2.36116361618042,"orthographic":false}