{"cameraMode":{"drawMode":0,"name":"Shaded","section":"Shading Mode"},"sceneLighting":false,"audioPlay":false,"sceneViewState":{"showFog":false,"showMaterialUpdate":false,"showSkybox":false,"showFlares":false,"showImageEffects":false,"showParticleSystems":false},"in2DMode":false,"pivot":{"x":1.3953050374984742,"y":1.6134603023529053,"z":14.49028491973877},"rotation":{"x":-0.2705079913139343,"y":0.018599146977066995,"z":-0.0067925890907645229,"w":-0.9629021286964417},"size":1.6759066581726075,"orthographic":false}