{"cameraMode":{"drawMode":0,"name":"Shaded","section":"Shading Mode"},"sceneLighting":false,"audioPlay":false,"sceneViewState":{"showFog":false,"showMaterialUpdate":false,"showSkybox":false,"showFlares":false,"showImageEffects":false,"showParticleSystems":false},"in2DMode":false,"pivot":{"x":156.2432403564453,"y":-102.60908508300781,"z":606.0185546875},"rotation":{"x":-0.08272367715835571,"y":-0.1244785487651825,"z":0.009967225603759289,"w":-0.9889065623283386},"size":336.0133972167969,"orthographic":false}