{"cameraMode":{"drawMode":0,"name":"Shaded","section":"Shading Mode"},"sceneLighting":false,"audioPlay":false,"sceneViewState":{"showFog":false,"showMaterialUpdate":false,"showSkybox":false,"showFlares":false,"showImageEffects":false,"showParticleSystems":false},"in2DMode":false,"pivot":{"x":-2.808912992477417,"y":-1.7252750396728516,"z":34.45063018798828},"rotation":{"x":-0.10694263875484467,"y":0.05971359834074974,"z":-0.008094859309494496,"w":-0.9928282499313355},"size":6.945634365081787,"orthographic":false}