{"cameraMode":{"drawMode":0,"name":"Shaded","section":"Shading Mode"},"sceneLighting":false,"audioPlay":false,"sceneViewState":{"showFog":false,"showMaterialUpdate":false,"showSkybox":false,"showFlares":false,"showImageEffects":false,"showParticleSystems":false},"in2DMode":false,"pivot":{"x":0.4196646213531494,"y":2.026231527328491,"z":1.8970508575439454},"rotation":{"x":0.28457847237586977,"y":-0.4996544420719147,"z":0.17920458316802979,"w":0.7985708117485046},"size":2.8300893306732179,"orthographic":false}