{"cameraMode":{"drawMode":0,"name":"Shaded","section":"Shading Mode"},"sceneLighting":false,"audioPlay":false,"sceneViewState":{"showFog":false,"showMaterialUpdate":false,"showSkybox":false,"showFlares":false,"showImageEffects":false,"showParticleSystems":false},"in2DMode":false,"pivot":{"x":0.9561906456947327,"y":0.6607083678245544,"z":-6.226411819458008},"rotation":{"x":-0.021557560190558435,"y":0.8895496726036072,"z":-0.04220547154545784,"w":-0.4547129273414612},"size":0.2000499963760376,"orthographic":false}