{"cameraMode":{"drawMode":0,"name":"Shaded","section":"Shading Mode"},"sceneLighting":false,"audioPlay":false,"sceneViewState":{"showFog":false,"showMaterialUpdate":false,"showSkybox":false,"showFlares":false,"showImageEffects":false,"showParticleSystems":false},"in2DMode":false,"pivot":{"x":-0.14112234115600587,"y":0.25099998712539675,"z":23.431652069091798},"rotation":{"x":-0.018702659755945207,"y":-0.9813036322593689,"z":0.1327010691165924,"w":-0.13897469639778138},"size":4.479001522064209,"orthographic":false}